timestamp	wind_speed
2017-10-01 00:00:00	2.3300000000000005
2017-10-01 00:30:00	1.48
2017-10-01 01:00:00	0.9500000000000001
2017-10-01 01:30:00	0.9233333333333333
2017-10-01 02:00:00	0.7766666666666667
2017-10-01 02:30:00	0.5133333333333333
2017-10-01 03:00:00	1.3799999999999997
2017-10-01 03:30:00	1.1700000000000002
2017-10-01 04:00:00	0.7166666666666668
2017-10-01 04:30:00	0.4366666666666667
2017-10-01 05:00:00	0.23333333333333334
2017-10-01 05:30:00	0.20000000000000004
2017-10-01 06:00:00	0.28333333333333327
2017-10-01 06:30:00	0.31
2017-10-01 07:00:00	0.6533333333333334
2017-10-01 07:30:00	1.2766666666666664
2017-10-01 08:00:00	1.7999999999999998
2017-10-01 08:30:00	1.7000000000000002
2017-10-01 09:00:00	0.93
2017-10-01 09:30:00	0.9266666666666665
2017-10-01 10:00:00	1.8233333333333333
2017-10-01 10:30:00	1.3900000000000001
2017-10-01 11:00:00	1.3433333333333333
2017-10-01 11:30:00	2.1466666666666665
2017-10-01 12:00:00	2.01
2017-10-01 12:30:00	1.5933333333333333
2017-10-01 13:00:00	1.4699999999999995
2017-10-01 13:30:00	1.25
2017-10-01 14:00:00	1.19
2017-10-01 14:30:00	1.0066666666666668
2017-10-01 15:00:00	1.1766666666666667
2017-10-01 15:30:00	0.6433333333333333
2017-10-01 16:00:00	0.8766666666666667
2017-10-01 16:30:00	0.22666666666666663
2017-10-01 17:00:00	0.26999999999999996
2017-10-01 17:30:00	0.47333333333333333
2017-10-01 18:00:00	0.85
2017-10-01 18:30:00	0.6433333333333333
2017-10-01 19:00:00	0.7100000000000001
2017-10-01 19:30:00	0.6566666666666665
2017-10-01 20:00:00	1.1166666666666665
2017-10-01 20:30:00	0.1799999999999999
2017-10-01 21:00:00	0.15666666666666668
2017-10-01 21:30:00	0.13333333333333333
2017-10-01 22:00:00	0.5100000000000001
2017-10-01 22:30:00	0.18999999999999995
2017-10-01 23:00:00	0.7333333333333335
2017-10-01 23:30:00	0.57
2017-10-02 00:00:00	0.5900000000000001
2017-10-02 00:30:00	0.6733333333333335
2017-10-02 01:00:00	0.5666666666666667
2017-10-02 01:30:00	0.026666666666666665
2017-10-02 02:00:00	0.29333333333333317
2017-10-02 02:30:00	0.6066666666666667
2017-10-02 03:00:00	0.7633333333333333
2017-10-02 03:30:00	0.31666666666666654
2017-10-02 04:00:00	0.27666666666666667
2017-10-02 04:30:00	0.47
2017-10-02 05:00:00	0.24666666666666667
2017-10-02 05:30:00	0.58
2017-10-02 06:00:00	0.39999999999999997
2017-10-02 06:30:00	0.5733333333333334
2017-10-02 07:00:00	0.8833333333333333
2017-10-02 07:30:00	1.6433333333333335
2017-10-02 08:00:00	1.0233333333333334
2017-10-02 08:30:00	1.2800000000000002
2017-10-02 09:00:00	1.32
2017-10-02 09:30:00	2.3399999999999994
2017-10-02 10:00:00	3.0066666666666673
2017-10-02 10:30:00	3.166666666666666
2017-10-02 11:00:00	1.9733333333333334
2017-10-02 11:30:00	1.41
2017-10-02 12:00:00	1.903333333333333
2017-10-02 12:30:00	2.9133333333333327
2017-10-02 13:00:00	2.5733333333333333
2017-10-02 13:30:00	2.3166666666666673
2017-10-02 14:00:00	2.2199999999999998
2017-10-02 14:30:00	1.7766666666666664
2017-10-02 15:00:00	1.5133333333333332
2017-10-02 15:30:00	0.9700000000000001
2017-10-02 16:00:00	0.9433333333333335
2017-10-02 16:30:00	1.7100000000000002
2017-10-02 17:00:00	2.8299999999999996
2017-10-02 17:30:00	2.5966666666666667
2017-10-02 18:00:00	2.0533333333333332
2017-10-02 18:30:00	2.2533333333333334
2017-10-02 19:00:00	2.07
2017-10-02 19:30:00	3.2033333333333327
2017-10-02 20:00:00	2.4133333333333336
2017-10-02 20:30:00	1.9166666666666667
2017-10-02 21:00:00	2.51
2017-10-02 21:30:00	1.7666666666666664
2017-10-02 22:00:00	1.7700000000000005
2017-10-02 22:30:00	3.4200000000000004
2017-10-02 23:00:00	2.6999999999999997
2017-10-02 23:30:00	2.4266666666666667
2017-10-03 00:00:00	2.863333333333332
2017-10-03 00:30:00	4.593333333333334
2017-10-03 01:00:00	4.746666666666666
2017-10-03 01:30:00	4.73
2017-10-03 02:00:00	3.6733333333333333
2017-10-03 02:30:00	3.3500000000000005
2017-10-03 03:00:00	3.7600000000000002
2017-10-03 03:30:00	5.156666666666667
2017-10-03 04:00:00	5.776666666666666
2017-10-03 04:30:00	6.09
2017-10-03 05:00:00	4.706666666666667
2017-10-03 05:30:00	5.176666666666665
2017-10-03 06:00:00	4.9300000000000015
2017-10-03 06:30:00	3.2966666666666664
2017-10-03 07:00:00	4.863333333333335
2017-10-03 07:30:00	1.5100000000000005
2017-10-03 08:00:00	1.0333333333333332
2017-10-03 08:30:00	0.9233333333333337
2017-10-03 09:00:00	0.7733333333333333
2017-10-03 09:30:00	1.646666666666667
2017-10-03 10:00:00	2.1700000000000004
2017-10-03 10:30:00	2.3899999999999997
2017-10-03 11:00:00	2.6733333333333325
2017-10-03 11:30:00	1.8266666666666664
2017-10-03 12:00:00	2.813333333333333
2017-10-03 12:30:00	3.0800000000000005
2017-10-03 13:00:00	3.4699999999999998
2017-10-03 13:30:00	2.843333333333334
2017-10-03 14:00:00	3.4933333333333336
2017-10-03 14:30:00	2.77
2017-10-03 15:00:00	3.56
2017-10-03 15:30:00	3.3533333333333335
2017-10-03 16:00:00	2.9699999999999998
2017-10-03 16:30:00	2.8599999999999994
2017-10-03 17:00:00	1.8366666666666667
2017-10-03 17:30:00	2.2700000000000005
2017-10-03 18:00:00	1.9533333333333331
2017-10-03 18:30:00	0.5733333333333335
2017-10-03 19:00:00	0.2566666666666666
2017-10-03 19:30:00	0.4000000000000001
2017-10-03 20:00:00	0.7233333333333333
2017-10-03 20:30:00	0.6033333333333333
2017-10-03 21:00:00	0.15666666666666668
2017-10-03 21:30:00	0.51
2017-10-03 22:00:00	0.82
2017-10-03 22:30:00	1.5866666666666662
2017-10-03 23:00:00	1.7066666666666666
2017-10-03 23:30:00	1.0433333333333334
2017-10-04 00:00:00	0.6600000000000001
2017-10-04 00:30:00	0.48000000000000004
2017-10-04 01:00:00	0.6733333333333331
2017-10-04 01:30:00	0.46666666666666673
2017-10-04 02:00:00	0.5066666666666666
2017-10-04 02:30:00	0.5766666666666667
2017-10-04 03:00:00	0.5700000000000001
2017-10-04 03:30:00	0.3233333333333333
2017-10-04 04:00:00	0.5266666666666667
2017-10-04 04:30:00	0.5233333333333333
2017-10-04 05:00:00	0.6633333333333332
2017-10-04 05:30:00	0.8866666666666665
2017-10-04 06:00:00	0.6233333333333333
2017-10-04 06:30:00	0.6766666666666666
2017-10-04 07:00:00	0.8633333333333334
2017-10-04 07:30:00	1.02
2017-10-04 08:00:00	0.6900000000000002
2017-10-04 08:30:00	0.4466666666666669
2017-10-04 09:00:00	0.7100000000000002
2017-10-04 09:30:00	0.7166666666666667
2017-10-04 10:00:00	1.4933333333333332
2017-10-04 10:30:00	1.4466666666666668
2017-10-04 11:00:00	1.4066666666666672
2017-10-04 11:30:00	2.0766666666666667
2017-10-04 12:00:00	2.566666666666667
2017-10-04 12:30:00	2.5733333333333333
2017-10-04 13:00:00	2.313333333333334
2017-10-04 13:30:00	2.546666666666666
2017-10-04 14:00:00	2.963333333333333
2017-10-04 14:30:00	2.4466666666666663
2017-10-04 15:00:00	2.6133333333333337
2017-10-04 15:30:00	2.7466666666666666
2017-10-04 16:00:00	2.729999999999999
2017-10-04 16:30:00	1.866666666666667
2017-10-04 17:00:00	1.3566666666666667
2017-10-04 17:30:00	0.5099999999999999
2017-10-04 18:00:00	0.8966666666666665
2017-10-04 18:30:00	0.3566666666666667
2017-10-04 19:00:00	0.5433333333333332
2017-10-04 19:30:00	0.4000000000000001
2017-10-04 20:00:00	0.6333333333333334
2017-10-04 20:30:00	0.6166666666666668
2017-10-04 21:00:00	0.2599999999999999
2017-10-04 21:30:00	0.4000000000000001
2017-10-04 22:00:00	0.9166666666666666
2017-10-04 22:30:00	0.17333333333333337
2017-10-04 23:00:00	0.5333333333333333
2017-10-04 23:30:00	0.5566666666666665
2017-10-05 00:00:00	0.2766666666666666
2017-10-05 00:30:00	0.3433333333333333
2017-10-05 01:00:00	0.38666666666666666
2017-10-05 01:30:00	0.67
2017-10-05 02:00:00	1.0933333333333335
2017-10-05 02:30:00	0.7500000000000001
2017-10-05 03:00:00	0.5666666666666667
2017-10-05 03:30:00	0.7766666666666667
2017-10-05 04:00:00	0.8633333333333334
2017-10-05 04:30:00	0.12666666666666665
2017-10-05 05:00:00	0.5299999999999999
2017-10-05 05:30:00	0.6233333333333333
2017-10-05 06:00:00	0.5266666666666667
2017-10-05 06:30:00	0.53
2017-10-05 07:00:00	0.45666666666666683
2017-10-05 07:30:00	1.5300000000000002
2017-10-05 08:00:00	0.8033333333333332
2017-10-05 08:30:00	4.376666666666667
2017-10-05 09:00:00	4.2333333333333325
2017-10-05 09:30:00	4.443333333333332
2017-10-05 10:00:00	5.303333333333331
2017-10-05 10:30:00	5.206666666666666
2017-10-05 11:00:00	5.253333333333332
2017-10-05 11:30:00	5.266666666666666
2017-10-05 12:00:00	6.173333333333334
2017-10-05 12:30:00	5.98
2017-10-05 13:00:00	6.000000000000001
2017-10-05 13:30:00	5.416666666666667
2017-10-05 14:00:00	4.573333333333333
2017-10-05 14:30:00	4.083333333333334
2017-10-05 15:00:00	3.8233333333333333
2017-10-05 15:30:00	5.413333333333332
2017-10-05 16:00:00	3.2766666666666664
2017-10-05 16:30:00	2.3433333333333337
2017-10-05 17:00:00	1.8133333333333332
2017-10-05 17:30:00	3.4033333333333333
2017-10-05 18:00:00	4.8966666666666665
2017-10-05 18:30:00	5.480000000000001
2017-10-05 19:00:00	5.936666666666666
2017-10-05 19:30:00	5.376666666666667
2017-10-05 20:00:00	5.183333333333333
2017-10-05 20:30:00	3.596666666666668
2017-10-05 21:00:00	1.64
2017-10-05 21:30:00	1.336666666666667
2017-10-05 22:00:00	0.5933333333333333
2017-10-05 22:30:00	3.666666666666667
2017-10-05 23:00:00	3.5433333333333334
2017-10-05 23:30:00	0.35
2017-10-06 00:00:00	0.5733333333333335
2017-10-06 00:30:00	0.7033333333333334
2017-10-06 01:00:00	0.20999999999999996
2017-10-06 01:30:00	0.6266666666666668
2017-10-06 02:00:00	0.53
2017-10-06 02:30:00	0.5166666666666668
2017-10-06 03:00:00	0.6666666666666666
2017-10-06 03:30:00	0.9333333333333332
2017-10-06 04:00:00	1.2000000000000002
2017-10-06 04:30:00	0.4399999999999999
2017-10-06 05:00:00	0.14000000000000004
2017-10-06 05:30:00	0.4099999999999999
2017-10-06 06:00:00	0.8166666666666668
2017-10-06 06:30:00	0.7033333333333334
2017-10-06 07:00:00	1.0333333333333334
2017-10-06 07:30:00	0.9199999999999999
2017-10-06 08:00:00	1.2
2017-10-06 08:30:00	2.856666666666666
2017-10-06 09:00:00	3.0333333333333328
2017-10-06 09:30:00	2.8266666666666667
2017-10-06 10:00:00	4.1033333333333335
2017-10-06 10:30:00	3.783333333333333
2017-10-06 11:00:00	3.9
2017-10-06 11:30:00	3.3966666666666665
2017-10-06 12:00:00	3.2
2017-10-06 12:30:00	4.586666666666667
2017-10-06 13:00:00	3.7033333333333336
2017-10-06 13:30:00	4.590000000000001
2017-10-06 14:00:00	5.136666666666668
2017-10-06 14:30:00	4.116666666666666
2017-10-06 15:00:00	3.7700000000000005
2017-10-06 15:30:00	3.146666666666666
2017-10-06 16:00:00	2.22
2017-10-06 16:30:00	1.883333333333333
2017-10-06 17:00:00	2.0666666666666664
2017-10-06 17:30:00	0.95
2017-10-06 18:00:00	1.7033333333333331
2017-10-06 18:30:00	1.9200000000000002
2017-10-06 19:00:00	1.2033333333333334
2017-10-06 19:30:00	1.8566666666666665
2017-10-06 20:00:00	0.85
2017-10-06 20:30:00	0.8966666666666666
2017-10-06 21:00:00	1.12
2017-10-06 21:30:00	1.2266666666666668
2017-10-06 22:00:00	0.75
2017-10-06 22:30:00	0.1633333333333333
2017-10-06 23:00:00	0.7366666666666665
2017-10-06 23:30:00	0.3
2017-10-07 00:00:00	0.43
2017-10-07 00:30:00	0.29999999999999993
2017-10-07 01:00:00	0.06333333333333334
2017-10-07 01:30:00	1.1366666666666665
2017-10-07 02:00:00	0.7833333333333332
2017-10-07 02:30:00	0.6799999999999999
2017-10-07 03:00:00	0.42666666666666675
2017-10-07 03:30:00	0.49666666666666665
2017-10-07 04:00:00	0.6500000000000001
2017-10-07 04:30:00	0.15666666666666665
2017-10-07 05:00:00	0.51
2017-10-07 05:30:00	0.26999999999999996
2017-10-07 06:00:00	0.1166666666666667
2017-10-07 06:30:00	0.13
2017-10-07 07:00:00	0.44000000000000006
2017-10-07 07:30:00	0.37999999999999995
2017-10-07 08:00:00	0.5600000000000002
2017-10-07 08:30:00	1.0533333333333335
2017-10-07 09:00:00	0.87
2017-10-07 09:30:00	1.6266666666666663
2017-10-07 10:00:00	1.9166666666666667
2017-10-07 10:30:00	1.5666666666666662
2017-10-07 11:00:00	1.7566666666666668
2017-10-07 11:30:00	1.8466666666666667
2017-10-07 12:00:00	1.8566666666666665
2017-10-07 12:30:00	1.5266666666666668
2017-10-07 13:00:00	2.113333333333333
2017-10-07 13:30:00	1.8066666666666664
2017-10-07 14:00:00	1.8866666666666667
2017-10-07 14:30:00	2.4600000000000004
2017-10-07 15:00:00	2.453333333333333
2017-10-07 15:30:00	2.0566666666666666
2017-10-07 16:00:00	2.5566666666666666
2017-10-07 16:30:00	2.1533333333333333
2017-10-07 17:00:00	1.4666666666666666
2017-10-07 17:30:00	1.13
2017-10-07 18:00:00	0.8233333333333331
2017-10-07 18:30:00	1.0700000000000003
2017-10-07 19:00:00	1.1733333333333333
2017-10-07 19:30:00	1.6
2017-10-07 20:00:00	2.4366666666666665
2017-10-07 20:30:00	1.5799999999999994
2017-10-07 21:00:00	1.38
2017-10-07 21:30:00	0.9966666666666668
2017-10-07 22:00:00	1.2033333333333334
2017-10-07 22:30:00	1.4400000000000002
2017-10-07 23:00:00	1.3999999999999997
2017-10-07 23:30:00	3.3333333333333335
2017-10-08 00:00:00	1.5233333333333334
2017-10-08 00:30:00	1.366666666666667
2017-10-08 01:00:00	3.0266666666666664
2017-10-08 01:30:00	3.67
2017-10-08 02:00:00	6.1433333333333335
2017-10-08 02:30:00	6.139999999999999
2017-10-08 03:00:00	5.963333333333334
2017-10-08 03:30:00	5.143333333333333
2017-10-08 04:00:00	4.6800000000000015
2017-10-08 04:30:00	5.263333333333333
2017-10-08 05:00:00	4.156666666666665
2017-10-08 05:30:00	4.516666666666667
2017-10-08 06:00:00	5.5233333333333325
2017-10-08 06:30:00	4.356666666666667
2017-10-08 07:00:00	3.6033333333333326
2017-10-08 07:30:00	3.403333333333334
2017-10-08 08:00:00	2.5300000000000002
2017-10-08 08:30:00	2.1033333333333335
2017-10-08 09:00:00	3.2600000000000002
2017-10-08 09:30:00	2.136666666666667
2017-10-08 10:00:00	1.2133333333333334
2017-10-08 10:30:00	1.3433333333333333
2017-10-08 11:00:00	0.706666666666667
2017-10-08 11:30:00	1.4600000000000002
2017-10-08 12:00:00	1.3733333333333333
2017-10-08 12:30:00	2.336666666666667
2017-10-08 13:00:00	2.6766666666666667
2017-10-08 13:30:00	2.31
2017-10-08 14:00:00	1.9533333333333334
2017-10-08 14:30:00	1.1200000000000003
2017-10-08 15:00:00	1.7633333333333332
2017-10-08 15:30:00	1.6133333333333326
2017-10-08 16:00:00	1.3533333333333333
2017-10-08 16:30:00	1.0200000000000002
2017-10-08 17:00:00	0.5666666666666665
2017-10-08 17:30:00	0.5333333333333333
2017-10-08 18:00:00	1.2366666666666668
2017-10-08 18:30:00	1.4466666666666665
2017-10-08 19:00:00	1.1066666666666667
2017-10-08 19:30:00	0.9533333333333335
2017-10-08 20:00:00	0.8433333333333333
2017-10-08 20:30:00	0.28666666666666657
2017-10-08 21:00:00	0.7500000000000001
2017-10-08 21:30:00	0.4833333333333334
2017-10-08 22:00:00	0.3633333333333333
2017-10-08 22:30:00	0.23
2017-10-08 23:00:00	1.0133333333333332
2017-10-08 23:30:00	0.7533333333333334
2017-10-09 00:00:00	0.99
2017-10-09 00:30:00	1.2700000000000002
2017-10-09 01:00:00	0.9933333333333333
2017-10-09 01:30:00	1.1833333333333331
2017-10-09 02:00:00	1.0566666666666666
2017-10-09 02:30:00	0.9833333333333332
2017-10-09 03:00:00	1.1766666666666665
2017-10-09 03:30:00	1.97
2017-10-09 04:00:00	1.2866666666666668
2017-10-09 04:30:00	0.7366666666666664
2017-10-09 05:00:00	0.5833333333333334
2017-10-09 05:30:00	0.43333333333333324
2017-10-09 06:00:00	0.6833333333333333
2017-10-09 06:30:00	0.7700000000000002
2017-10-09 07:00:00	0.36999999999999994
2017-10-09 07:30:00	0.34666666666666673
2017-10-09 08:00:00	1.0933333333333333
2017-10-09 08:30:00	0.5999999999999999
2017-10-09 09:00:00	0.9100000000000001
2017-10-09 09:30:00	0.5666666666666667
2017-10-09 10:00:00	0.6566666666666665
2017-10-09 10:30:00	1.4300000000000004
2017-10-09 11:00:00	0.3966666666666667
2017-10-09 11:30:00	0.20999999999999996
2017-10-09 12:00:00	0.6133333333333333
2017-10-09 12:30:00	1.2066666666666666
2017-10-09 13:00:00	0.9966666666666668
2017-10-09 13:30:00	1.0333333333333334
2017-10-09 14:00:00	0.92
2017-10-09 14:30:00	1.7566666666666666
2017-10-09 15:00:00	1.7033333333333336
2017-10-09 15:30:00	1.43
2017-10-09 16:00:00	1.37
2017-10-09 16:30:00	1.5433333333333328
2017-10-09 17:00:00	1.6933333333333336
2017-10-09 17:30:00	1.3866666666666665
2017-10-09 18:00:00	1.1133333333333335
2017-10-09 18:30:00	0.25666666666666665
2017-10-09 19:00:00	0.043333333333333335
2017-10-09 19:30:00	0.0
2017-10-09 20:00:00	0.16666666666666666
2017-10-09 20:30:00	0.12333333333333334
2017-10-09 21:00:00	0.0
2017-10-09 21:30:00	0.0
2017-10-09 22:00:00	0.48333333333333345
2017-10-09 22:30:00	0.5166666666666667
2017-10-09 23:00:00	0.12666666666666668
2017-10-09 23:30:00	0.2033333333333333
2017-10-10 00:00:00	0.0
2017-10-10 00:30:00	0.0
2017-10-10 01:00:00	0.0
2017-10-10 01:30:00	0.32333333333333325
2017-10-10 02:00:00	0.6433333333333336
2017-10-10 02:30:00	0.21666666666666667
2017-10-10 03:00:00	0.0
2017-10-10 03:30:00	0.0
2017-10-10 04:00:00	0.02333333333333333
2017-10-10 04:30:00	0.29333333333333333
2017-10-10 05:00:00	0.6066666666666667
2017-10-10 05:30:00	0.52
2017-10-10 06:00:00	0.34999999999999987
2017-10-10 06:30:00	0.4699999999999999
2017-10-10 07:00:00	0.8100000000000002
2017-10-10 07:30:00	0.40666666666666645
2017-10-10 08:00:00	0.10333333333333335
2017-10-10 08:30:00	0.65
2017-10-10 09:00:00	0.4866666666666667
2017-10-10 09:30:00	0.7066666666666667
2017-10-10 10:00:00	1.1966666666666668
2017-10-10 10:30:00	2.43
2017-10-10 11:00:00	3.4200000000000004
2017-10-10 11:30:00	3.663333333333333
2017-10-10 12:00:00	2.643333333333333
2017-10-10 12:30:00	1.9333333333333331
2017-10-10 13:00:00	2.5966666666666662
2017-10-10 13:30:00	3.113333333333333
2017-10-10 14:00:00	1.7899999999999996
2017-10-10 14:30:00	1.3899999999999997
2017-10-10 15:00:00	1.5766666666666667
2017-10-10 15:30:00	1.4366666666666665
2017-10-10 16:00:00	1.1966666666666668
2017-10-10 16:30:00	0.6666666666666666
2017-10-10 17:00:00	0.1633333333333333
2017-10-10 17:30:00	0.4433333333333333
2017-10-10 18:00:00	0.09666666666666668
2017-10-10 18:30:00	0.5266666666666667
2017-10-10 19:00:00	0.6966666666666664
2017-10-10 19:30:00	1.1000000000000003
2017-10-10 20:00:00	0.6633333333333333
2017-10-10 20:30:00	1.0633333333333332
2017-10-10 21:00:00	1.6266666666666667
2017-10-10 21:30:00	1.4566666666666666
2017-10-10 22:00:00	0.9166666666666666
2017-10-10 22:30:00	0.94
2017-10-10 23:00:00	1.3
2017-10-10 23:30:00	0.6733333333333336
2017-10-11 00:00:00	0.6233333333333333
2017-10-11 00:30:00	1.1099999999999999
2017-10-11 01:00:00	0.2766666666666666
2017-10-11 01:30:00	0.013333333333333334
2017-10-11 02:00:00	0.5066666666666666
2017-10-11 02:30:00	0.21666666666666665
2017-10-11 03:00:00	1.1900000000000002
2017-10-11 03:30:00	0.7333333333333333
2017-10-11 04:00:00	0.6966666666666668
2017-10-11 04:30:00	1.0800000000000003
2017-10-11 05:00:00	0.19
2017-10-11 05:30:00	0.4333333333333333
2017-10-11 06:00:00	0.6166666666666667
2017-10-11 06:30:00	0.3866666666666667
2017-10-11 07:00:00	0.38666666666666666
2017-10-11 07:30:00	0.43333333333333324
2017-10-11 08:00:00	0.38333333333333325
2017-10-11 08:30:00	0.3733333333333333
2017-10-11 09:00:00	0.7066666666666668
2017-10-11 09:30:00	0.5300000000000001
2017-10-11 10:00:00	0.6766666666666666
2017-10-11 10:30:00	1.56
2017-10-11 11:00:00	1.6866666666666665
2017-10-11 11:30:00	1.8133333333333337
2017-10-11 12:00:00	0.9700000000000001
2017-10-11 12:30:00	2.1100000000000003
2017-10-11 13:00:00	2.97
2017-10-11 13:30:00	2.673333333333334
2017-10-11 14:00:00	2.0366666666666666
2017-10-11 14:30:00	1.8233333333333333
2017-10-11 15:00:00	2.7599999999999993
2017-10-11 15:30:00	1.686666666666666
2017-10-11 16:00:00	1.0466666666666666
2017-10-11 16:30:00	0.7799999999999999
2017-10-11 17:00:00	1.3500000000000003
2017-10-11 17:30:00	1.8999999999999997
2017-10-11 18:00:00	1.4700000000000002
2017-10-11 18:30:00	1.1033333333333333
2017-10-11 19:00:00	1.7199999999999998
2017-10-11 19:30:00	1.1933333333333336
2017-10-11 20:00:00	1.4933333333333332
2017-10-11 20:30:00	1.3266666666666667
2017-10-11 21:00:00	1.8233333333333333
2017-10-11 21:30:00	0.9433333333333332
2017-10-11 22:00:00	1.5
2017-10-11 22:30:00	1.7733333333333334
2017-10-11 23:00:00	1.8533333333333333
2017-10-11 23:30:00	2.03
2017-10-12 00:00:00	2.1766666666666663
2017-10-12 00:30:00	2.1066666666666665
2017-10-12 01:00:00	2.6799999999999997
2017-10-12 01:30:00	2.4266666666666667
2017-10-12 02:00:00	3.1599999999999997
2017-10-12 02:30:00	2.9100000000000006
2017-10-12 03:00:00	2.1899999999999995
2017-10-12 03:30:00	0.9666666666666668
2017-10-12 04:00:00	1.6299999999999992
2017-10-12 04:30:00	1.9066666666666667
2017-10-12 05:00:00	1.5766666666666667
2017-10-12 05:30:00	0.8966666666666666
2017-10-12 06:00:00	0.4999999999999999
2017-10-12 06:30:00	0.6500000000000001
2017-10-12 07:00:00	0.5166666666666667
2017-10-12 07:30:00	0.25999999999999995
2017-10-12 08:00:00	0.45999999999999996
2017-10-12 08:30:00	3.2666666666666675
2017-10-12 09:00:00	2.246666666666667
2017-10-12 09:30:00	2.8133333333333326
2017-10-12 10:00:00	1.8333333333333335
2017-10-12 10:30:00	3.3
2017-10-12 11:00:00	2.913333333333334
2017-10-12 11:30:00	3.18
2017-10-12 12:00:00	3.19
2017-10-12 12:30:00	3.17
2017-10-12 13:00:00	2.45
2017-10-12 13:30:00	2.1633333333333336
2017-10-12 14:00:00	3.486666666666667
2017-10-12 14:30:00	3.2933333333333326
2017-10-12 15:00:00	3.473333333333333
2017-10-12 15:30:00	3.0300000000000002
2017-10-12 16:00:00	1.78
2017-10-12 16:30:00	0.7633333333333334
2017-10-12 17:00:00	0.9566666666666666
2017-10-12 17:30:00	0.9333333333333335
2017-10-12 18:00:00	0.6833333333333332
2017-10-12 18:30:00	0.4933333333333335
2017-10-12 19:00:00	0.7400000000000001
2017-10-12 19:30:00	0.2033333333333333
2017-10-12 20:00:00	1.133333333333333
2017-10-12 20:30:00	0.8699999999999998
2017-10-12 21:00:00	1.43
2017-10-12 21:30:00	1.7866666666666668
2017-10-12 22:00:00	0.8566666666666667
2017-10-12 22:30:00	1.2566666666666668
2017-10-12 23:00:00	1.5966666666666667
2017-10-12 23:30:00	1.0466666666666666
2017-10-13 00:00:00	0.8733333333333336
2017-10-13 00:30:00	0.5733333333333331
2017-10-13 01:00:00	0.4866666666666667
2017-10-13 01:30:00	0.6433333333333336
2017-10-13 02:00:00	0.763333333333333
2017-10-13 02:30:00	0.49666666666666653
2017-10-13 03:00:00	0.20666666666666667
2017-10-13 03:30:00	0.13666666666666666
2017-10-13 04:00:00	0.32
2017-10-13 04:30:00	0.6266666666666667
2017-10-13 05:00:00	0.4933333333333334
2017-10-13 05:30:00	0.5533333333333333
2017-10-13 06:00:00	0.17666666666666667
2017-10-13 06:30:00	0.24666666666666667
2017-10-13 07:00:00	0.3133333333333332
2017-10-13 07:30:00	0.32333333333333336
2017-10-13 08:00:00	0.37
2017-10-13 08:30:00	0.4533333333333334
2017-10-13 09:00:00	1.1066666666666667
2017-10-13 09:30:00	0.9166666666666666
2017-10-13 10:00:00	0.6933333333333334
2017-10-13 10:30:00	0.6133333333333333
2017-10-13 11:00:00	0.89
2017-10-13 11:30:00	0.9933333333333334
2017-10-13 12:00:00	1.013333333333333
2017-10-13 12:30:00	1.743333333333333
2017-10-13 13:00:00	1.3333333333333335
2017-10-13 13:30:00	1.1499999999999997
2017-10-13 14:00:00	0.9933333333333333
2017-10-13 14:30:00	1.22
2017-10-13 15:00:00	0.8000000000000002
2017-10-13 15:30:00	1.2466666666666668
2017-10-13 16:00:00	1.1966666666666665
2017-10-13 16:30:00	0.31666666666666665
2017-10-13 17:00:00	0.04666666666666667
2017-10-13 17:30:00	0.30666666666666664
2017-10-13 18:00:00	0.3400000000000001
2017-10-13 18:30:00	0.8300000000000001
2017-10-13 19:00:00	0.6966666666666667
2017-10-13 19:30:00	0.8800000000000001
2017-10-13 20:00:00	1.003333333333333
2017-10-13 20:30:00	0.41
2017-10-13 21:00:00	0.6166666666666666
2017-10-13 21:30:00	0.6
2017-10-13 22:00:00	0.38999999999999996
2017-10-13 22:30:00	0.2066666666666667
2017-10-13 23:00:00	0.0
2017-10-13 23:30:00	0.0
2017-10-14 00:00:00	0.0
2017-10-14 00:30:00	0.15
2017-10-14 01:00:00	0.17
2017-10-14 01:30:00	0.5766666666666667
2017-10-14 02:00:00	0.6600000000000001
2017-10-14 02:30:00	0.35333333333333333
2017-10-14 03:00:00	0.3266666666666667
2017-10-14 03:30:00	0.25
2017-10-14 04:00:00	0.5899999999999999
2017-10-14 04:30:00	0.2766666666666666
2017-10-14 05:00:00	0.16666666666666663
2017-10-14 05:30:00	0.29666666666666663
2017-10-14 06:00:00	0.2700000000000001
2017-10-14 06:30:00	0.7833333333333332
2017-10-14 07:00:00	0.5666666666666668
2017-10-14 07:30:00	0.3666666666666666
2017-10-14 08:00:00	0.4733333333333334
2017-10-14 08:30:00	0.663333333333333
2017-10-14 09:00:00	0.6
2017-10-14 09:30:00	0.7066666666666668
2017-10-14 10:00:00	0.6833333333333333
2017-10-14 10:30:00	0.6233333333333334
2017-10-14 11:00:00	0.8166666666666668
2017-10-14 11:30:00	1.2666666666666664
2017-10-14 12:00:00	1.3466666666666667
2017-10-14 12:30:00	1.3299999999999998
2017-10-14 13:00:00	1.1033333333333333
2017-10-14 13:30:00	1.18
2017-10-14 14:00:00	1.1866666666666668
2017-10-14 14:30:00	1.2300000000000002
2017-10-14 15:00:00	1.3233333333333337
2017-10-14 15:30:00	1.1433333333333335
2017-10-14 16:00:00	0.6066666666666667
2017-10-14 16:30:00	0.2033333333333333
2017-10-14 17:00:00	0.18666666666666665
2017-10-14 17:30:00	0.0
2017-10-14 18:00:00	0.0
2017-10-14 18:30:00	0.8399999999999999
2017-10-14 19:00:00	0.5366666666666667
2017-10-14 19:30:00	0.3333333333333333
2017-10-14 20:00:00	0.20999999999999996
2017-10-14 20:30:00	0.0
2017-10-14 21:00:00	0.35000000000000003
2017-10-14 21:30:00	0.08666666666666668
2017-10-14 22:00:00	0.8633333333333333
2017-10-14 22:30:00	0.5966666666666668
2017-10-14 23:00:00	0.7533333333333334
2017-10-14 23:30:00	0.17333333333333334
2017-10-15 00:00:00	0.13
2017-10-15 00:30:00	0.07333333333333333
2017-10-15 01:00:00	0.12333333333333332
2017-10-15 01:30:00	0.0
2017-10-15 02:00:00	0.2233333333333333
2017-10-15 02:30:00	0.3266666666666666
2017-10-15 03:00:00	0.7133333333333335
2017-10-15 03:30:00	0.09333333333333334
2017-10-15 04:00:00	0.030000000000000002
2017-10-15 04:30:00	0.29000000000000004
2017-10-15 05:00:00	0.26
2017-10-15 05:30:00	0.15
2017-10-15 06:00:00	0.5666666666666665
2017-10-15 06:30:00	0.8533333333333333
2017-10-15 07:00:00	0.6566666666666667
2017-10-15 07:30:00	0.37999999999999995
2017-10-15 08:00:00	0.19
2017-10-15 08:30:00	0.18333333333333338
2017-10-15 09:00:00	0.8166666666666669
2017-10-15 09:30:00	0.39666666666666667
2017-10-15 10:00:00	0.6666666666666667
2017-10-15 10:30:00	1.01
2017-10-15 11:00:00	0.7233333333333334
2017-10-15 11:30:00	0.7699999999999998
2017-10-15 12:00:00	0.5166666666666667
2017-10-15 12:30:00	0.37
2017-10-15 13:00:00	0.5566666666666666
2017-10-15 13:30:00	0.5566666666666668
2017-10-15 14:00:00	0.8166666666666669
2017-10-15 14:30:00	0.8499999999999999
2017-10-15 15:00:00	0.9066666666666667
2017-10-15 15:30:00	1.2533333333333332
2017-10-15 16:00:00	0.9433333333333336
2017-10-15 16:30:00	0.38666666666666666
2017-10-15 17:00:00	0.16666666666666666
2017-10-15 17:30:00	0.2533333333333333
2017-10-15 18:00:00	0.07333333333333333
2017-10-15 18:30:00	0.0
2017-10-15 19:00:00	0.4833333333333333
2017-10-15 19:30:00	0.0033333333333333335
2017-10-15 20:00:00	0.07666666666666667
2017-10-15 20:30:00	0.13
2017-10-15 21:00:00	0.22666666666666666
2017-10-15 21:30:00	0.10666666666666667
2017-10-15 22:00:00	0.8566666666666667
2017-10-15 22:30:00	0.7533333333333334
2017-10-15 23:00:00	0.10666666666666667
2017-10-15 23:30:00	0.11666666666666667
2017-10-16 00:00:00	0.6666666666666665
2017-10-16 00:30:00	0.24666666666666673
2017-10-16 01:00:00	0.22666666666666668
2017-10-16 01:30:00	0.15999999999999998
2017-10-16 02:00:00	0.030000000000000002
2017-10-16 02:30:00	0.2566666666666666
2017-10-16 03:00:00	0.36999999999999994
2017-10-16 03:30:00	0.37999999999999995
2017-10-16 04:00:00	0.48666666666666664
2017-10-16 04:30:00	0.4933333333333334
2017-10-16 05:00:00	0.3033333333333333
2017-10-16 05:30:00	0.08333333333333333
2017-10-16 06:00:00	0.32
2017-10-16 06:30:00	0.43666666666666665
2017-10-16 07:00:00	0.4333333333333333
2017-10-16 07:30:00	0.4466666666666667
2017-10-16 08:00:00	0.8299999999999997
2017-10-16 08:30:00	1.0100000000000002
2017-10-16 09:00:00	0.8799999999999997
2017-10-16 09:30:00	0.8300000000000002
2017-10-16 10:00:00	0.4833333333333332
2017-10-16 10:30:00	0.4866666666666666
2017-10-16 11:00:00	0.45333333333333337
2017-10-16 11:30:00	0.9166666666666667
2017-10-16 12:00:00	1.1166666666666665
2017-10-16 12:30:00	0.6366666666666667
2017-10-16 13:00:00	0.5233333333333332
2017-10-16 13:30:00	0.5266666666666666
2017-10-16 14:00:00	0.6400000000000001
2017-10-16 14:30:00	0.7366666666666668
2017-10-16 15:00:00	1.313333333333333
2017-10-16 15:30:00	1.3666666666666667
2017-10-16 16:00:00	0.7966666666666661
2017-10-16 16:30:00	0.5866666666666664
2017-10-16 17:00:00	0.5266666666666667
2017-10-16 17:30:00	0.87
2017-10-16 18:00:00	1.2466666666666664
2017-10-16 18:30:00	1.06
2017-10-16 19:00:00	0.8666666666666666
2017-10-16 19:30:00	0.6433333333333336
2017-10-16 20:00:00	0.8766666666666668
2017-10-16 20:30:00	0.5233333333333333
2017-10-16 21:00:00	0.7533333333333334
2017-10-16 21:30:00	0.5399999999999999
2017-10-16 22:00:00	1.0300000000000002
2017-10-16 22:30:00	0.836666666666667
2017-10-16 23:00:00	0.29333333333333333
2017-10-16 23:30:00	0.39333333333333337
2017-10-17 00:00:00	0.2733333333333334
2017-10-17 00:30:00	0.3333333333333332
2017-10-17 01:00:00	0.4733333333333334
2017-10-17 01:30:00	0.6033333333333333
2017-10-17 02:00:00	0.5866666666666667
2017-10-17 02:30:00	0.9200000000000003
2017-10-17 03:00:00	0.8966666666666666
2017-10-17 03:30:00	0.9899999999999999
2017-10-17 04:00:00	0.5666666666666665
2017-10-17 04:30:00	0.5733333333333335
2017-10-17 05:00:00	0.30666666666666664
2017-10-17 05:30:00	0.31333333333333335
2017-10-17 06:00:00	0.21000000000000002
2017-10-17 06:30:00	0.2666666666666667
2017-10-17 07:00:00	0.11333333333333337
2017-10-17 07:30:00	0.34
2017-10-17 08:00:00	0.5400000000000001
2017-10-17 08:30:00	0.5733333333333334
2017-10-17 09:00:00	0.4333333333333333
2017-10-17 09:30:00	0.2533333333333333
2017-10-17 10:00:00	0.46666666666666673
2017-10-17 10:30:00	0.36999999999999994
2017-10-17 11:00:00	0.48999999999999994
2017-10-17 11:30:00	0.6699999999999999
2017-10-17 12:00:00	0.6366666666666667
2017-10-17 12:30:00	0.7
2017-10-17 13:00:00	0.9433333333333334
2017-10-17 13:30:00	1.1033333333333333
2017-10-17 14:00:00	0.95
2017-10-17 14:30:00	1.4266666666666665
2017-10-17 15:00:00	1.4200000000000002
2017-10-17 15:30:00	1.1433333333333335
2017-10-17 16:00:00	0.6033333333333334
2017-10-17 16:30:00	0.16999999999999996
2017-10-17 17:00:00	0.17
2017-10-17 17:30:00	0.26
2017-10-17 18:00:00	0.44000000000000017
2017-10-17 18:30:00	0.6966666666666668
2017-10-17 19:00:00	0.97
2017-10-17 19:30:00	1.0799999999999998
2017-10-17 20:00:00	1.1133333333333333
2017-10-17 20:30:00	0.7166666666666667
2017-10-17 21:00:00	0.29666666666666663
2017-10-17 21:30:00	0.1466666666666666
2017-10-17 22:00:00	0.21
2017-10-17 22:30:00	0.5933333333333334
2017-10-17 23:00:00	0.34666666666666657
2017-10-17 23:30:00	0.5333333333333333
2017-10-18 00:00:00	0.4633333333333332
2017-10-18 00:30:00	0.14
2017-10-18 01:00:00	0.25666666666666665
2017-10-18 01:30:00	0.37000000000000005
2017-10-18 02:00:00	0.38333333333333336
2017-10-18 02:30:00	0.27999999999999997
2017-10-18 03:00:00	1.2799999999999996
2017-10-18 03:30:00	0.3166666666666666
2017-10-18 04:00:00	0.3633333333333333
2017-10-18 04:30:00	0.6566666666666666
2017-10-18 05:00:00	0.5133333333333333
2017-10-18 05:30:00	0.39333333333333337
2017-10-18 06:00:00	0.1166666666666667
2017-10-18 06:30:00	0.3066666666666667
2017-10-18 07:00:00	0.4066666666666667
2017-10-18 07:30:00	0.31333333333333335
2017-10-18 08:00:00	0.043333333333333335
2017-10-18 08:30:00	0.16666666666666663
2017-10-18 09:00:00	0.2133333333333333
2017-10-18 09:30:00	0.7433333333333333
2017-10-18 10:00:00	0.74
2017-10-18 10:30:00	0.4666666666666667
2017-10-18 11:00:00	0.9866666666666666
2017-10-18 11:30:00	1.5499999999999998
2017-10-18 12:00:00	1.23
2017-10-18 12:30:00	2.3066666666666666
2017-10-18 13:00:00	2.1
2017-10-18 13:30:00	1.1833333333333333
2017-10-18 14:00:00	0.8566666666666668
2017-10-18 14:30:00	0.84
2017-10-18 15:00:00	2.1566666666666667
2017-10-18 15:30:00	2.3
2017-10-18 16:00:00	1.5666666666666669
2017-10-18 16:30:00	0.823333333333333
2017-10-18 17:00:00	0.9633333333333335
2017-10-18 17:30:00	1.2933333333333332
2017-10-18 18:00:00	0.5266666666666667
2017-10-18 18:30:00	1.0133333333333334
2017-10-18 19:00:00	1.1900000000000002
2017-10-18 19:30:00	0.9633333333333329
2017-10-18 20:00:00	0.4533333333333334
2017-10-18 20:30:00	0.5233333333333333
2017-10-18 21:00:00	0.8033333333333332
2017-10-18 21:30:00	0.17333333333333334
2017-10-18 22:00:00	0.8433333333333334
2017-10-18 22:30:00	0.45999999999999996
2017-10-18 23:00:00	0.8233333333333335
2017-10-18 23:30:00	0.26
2017-10-19 00:00:00	0.5533333333333332
2017-10-19 00:30:00	0.3766666666666666
2017-10-19 01:00:00	0.34666666666666673
2017-10-19 01:30:00	0.7166666666666667
2017-10-19 02:00:00	0.58
2017-10-19 02:30:00	0.7633333333333333
2017-10-19 03:00:00	0.8599999999999999
2017-10-19 03:30:00	0.5266666666666666
2017-10-19 04:00:00	0.6133333333333333
2017-10-19 04:30:00	0.4066666666666667
2017-10-19 05:00:00	0.38
2017-10-19 05:30:00	1.1633333333333333
2017-10-19 06:00:00	2.373333333333334
2017-10-19 06:30:00	0.5766666666666667
2017-10-19 07:00:00	1.1766666666666667
2017-10-19 07:30:00	0.5966666666666665
2017-10-19 08:00:00	1.37
2017-10-19 08:30:00	1.2033333333333334
2017-10-19 09:00:00	1.3866666666666665
2017-10-19 09:30:00	1.2833333333333337
2017-10-19 10:00:00	0.97
2017-10-19 10:30:00	0.45000000000000007
2017-10-19 11:00:00	0.6566666666666666
2017-10-19 11:30:00	0.9133333333333336
2017-10-19 12:00:00	1.1633333333333333
2017-10-19 12:30:00	1.986666666666667
2017-10-19 13:00:00	2.65
2017-10-19 13:30:00	2.716666666666667
2017-10-19 14:00:00	2.6999999999999997
2017-10-19 14:30:00	2.08
2017-10-19 15:00:00	2.013333333333333
2017-10-19 15:30:00	1.6999999999999997
2017-10-19 16:00:00	1.71
2017-10-19 16:30:00	0.8933333333333333
2017-10-19 17:00:00	0.3133333333333333
2017-10-19 17:30:00	0.49
2017-10-19 18:00:00	0.4933333333333334
2017-10-19 18:30:00	0.5599999999999999
2017-10-19 19:00:00	0.3166666666666667
2017-10-19 19:30:00	0.6666666666666667
2017-10-19 20:00:00	0.94
2017-10-19 20:30:00	1.0
2017-10-19 21:00:00	1.14
2017-10-19 21:30:00	0.7233333333333333
2017-10-19 22:00:00	0.42666666666666664
2017-10-19 22:30:00	0.0
2017-10-19 23:00:00	0.0
2017-10-19 23:30:00	0.4766666666666666
2017-10-20 00:00:00	1.133333333333333
2017-10-20 00:30:00	1.1466666666666667
2017-10-20 01:00:00	0.24000000000000002
2017-10-20 01:30:00	0.20666666666666667
2017-10-20 02:00:00	0.20666666666666667
2017-10-20 02:30:00	0.37999999999999995
2017-10-20 03:00:00	0.44666666666666666
2017-10-20 03:30:00	0.4933333333333333
2017-10-20 04:00:00	0.6266666666666667
2017-10-20 04:30:00	0.1933333333333333
2017-10-20 05:00:00	0.45
2017-10-20 05:30:00	0.5466666666666667
2017-10-20 06:00:00	0.5433333333333333
2017-10-20 06:30:00	0.03666666666666667
2017-10-20 07:00:00	0.0
2017-10-20 07:30:00	0.27999999999999997
2017-10-20 08:00:00	0.13333333333333333
2017-10-20 08:30:00	0.3566666666666667
2017-10-20 09:00:00	0.5566666666666668
2017-10-20 09:30:00	1.1966666666666665
2017-10-20 10:00:00	1.1433333333333333
2017-10-20 10:30:00	0.7899999999999999
2017-10-20 11:00:00	1.9133333333333336
2017-10-20 11:30:00	3.993333333333333
2017-10-20 12:00:00	4.096666666666668
2017-10-20 12:30:00	4.596666666666666
2017-10-20 13:00:00	4.073333333333333
2017-10-20 13:30:00	5.5
2017-10-20 14:00:00	5.4833333333333325
2017-10-20 14:30:00	2.4266666666666667
2017-10-20 15:00:00	0.9366666666666666
2017-10-20 15:30:00	1.0633333333333335
2017-10-20 16:00:00	2.093333333333333
2017-10-20 16:30:00	2.5133333333333328
2017-10-20 17:00:00	0.8633333333333333
2017-10-20 17:30:00	1.0633333333333335
2017-10-20 18:00:00	0.8466666666666668
2017-10-20 18:30:00	0.20000000000000004
2017-10-20 19:00:00	0.5066666666666667
2017-10-20 19:30:00	1.4066666666666667
2017-10-20 20:00:00	2.0033333333333334
2017-10-20 20:30:00	2.286666666666666
2017-10-20 21:00:00	2.5
2017-10-20 21:30:00	1.563333333333333
2017-10-20 22:00:00	1.3133333333333332
2017-10-20 22:30:00	1.656666666666666
2017-10-20 23:00:00	1.346666666666667
2017-10-20 23:30:00	1.573333333333334
2017-10-21 00:00:00	1.4899999999999998
2017-10-21 00:30:00	1.4699999999999998
2017-10-21 01:00:00	0.6333333333333332
2017-10-21 01:30:00	0.3466666666666666
2017-10-21 02:00:00	0.9666666666666667
2017-10-21 02:30:00	1.05
2017-10-21 03:00:00	0.31333333333333335
2017-10-21 03:30:00	0.4566666666666668
2017-10-21 04:00:00	0.22000000000000003
2017-10-21 04:30:00	0.69
2017-10-21 05:00:00	0.6933333333333334
2017-10-21 05:30:00	0.5066666666666666
2017-10-21 06:00:00	0.29333333333333333
2017-10-21 06:30:00	0.31666666666666665
2017-10-21 07:00:00	0.10666666666666666
2017-10-21 07:30:00	0.2
2017-10-21 08:00:00	0.8933333333333332
2017-10-21 08:30:00	0.6
2017-10-21 09:00:00	0.7033333333333331
2017-10-21 09:30:00	2.33
2017-10-21 10:00:00	2.6966666666666668
2017-10-21 10:30:00	3.3566666666666665
2017-10-21 11:00:00	3.653333333333333
2017-10-21 11:30:00	2.5066666666666664
2017-10-21 12:00:00	3.456666666666666
2017-10-21 12:30:00	2.4433333333333334
2017-10-21 13:00:00	2.453333333333333
2017-10-21 13:30:00	2.3
2017-10-21 14:00:00	2.0266666666666664
2017-10-21 14:30:00	2.196666666666667
2017-10-21 15:00:00	2.3066666666666666
2017-10-21 15:30:00	2.166666666666667
2017-10-21 16:00:00	2.9100000000000006
2017-10-21 16:30:00	1.8833333333333333
2017-10-21 17:00:00	1.16
2017-10-21 17:30:00	5.663333333333333
2017-10-21 18:00:00	7.620000000000001
2017-10-21 18:30:00	6.473333333333333
2017-10-21 19:00:00	6.673333333333333
2017-10-21 19:30:00	6.436666666666667
2017-10-21 20:00:00	2.9566666666666666
2017-10-21 20:30:00	2.5166666666666666
2017-10-21 21:00:00	5.176666666666666
2017-10-21 21:30:00	4.0166666666666675
2017-10-21 22:00:00	3.9533333333333336
2017-10-21 22:30:00	2.8400000000000003
2017-10-21 23:00:00	3.31
2017-10-21 23:30:00	3.596666666666667
2017-10-22 00:00:00	5.109999999999999
2017-10-22 00:30:00	3.6833333333333327
2017-10-22 01:00:00	3.94
2017-10-22 01:30:00	2.8033333333333337
2017-10-22 02:00:00	2.0566666666666666
2017-10-22 02:30:00	2.3699999999999997
2017-10-22 03:00:00	3.859999999999999
2017-10-22 03:30:00	4.506666666666666
2017-10-22 04:00:00	3.836666666666667
2017-10-22 04:30:00	3.393333333333333
2017-10-22 05:00:00	3.563333333333332
2017-10-22 05:30:00	3.213333333333334
2017-10-22 06:00:00	3.04
2017-10-22 06:30:00	4.293333333333333
2017-10-22 07:00:00	3.6699999999999995
2017-10-22 07:30:00	4.1000000000000005
2017-10-22 08:00:00	5.106666666666666
2017-10-22 08:30:00	5.769999999999999
2017-10-22 09:00:00	5.663333333333332
2017-10-22 09:30:00	6.143333333333334
2017-10-22 10:00:00	5.933333333333334
2017-10-22 10:30:00	4.919999999999998
2017-10-22 11:00:00	5.756666666666667
2017-10-22 11:30:00	4.966666666666667
2017-10-22 12:00:00	4.870000000000001
2017-10-22 12:30:00	5.9366666666666665
2017-10-22 13:00:00	5.886666666666667
2017-10-22 13:30:00	4.453333333333333
2017-10-22 14:00:00	1.7966666666666664
2017-10-22 14:30:00	2.3633333333333337
2017-10-22 15:00:00	3.8466666666666667
2017-10-22 15:30:00	3.4933333333333336
2017-10-22 16:00:00	4.5200000000000005
2017-10-22 16:30:00	5.163333333333333
2017-10-22 17:00:00	5.170000000000001
2017-10-22 17:30:00	3.6266666666666665
2017-10-22 18:00:00	3.56
2017-10-22 18:30:00	3.126666666666666
2017-10-22 19:00:00	2.643333333333334
2017-10-22 19:30:00	3.29
2017-10-22 20:00:00	3.6600000000000006
2017-10-22 20:30:00	3.8099999999999996
2017-10-22 21:00:00	3.5833333333333335
2017-10-22 21:30:00	4.460000000000002
2017-10-22 22:00:00	3.93
2017-10-22 22:30:00	2.6399999999999997
2017-10-22 23:00:00	3.353333333333333
2017-10-22 23:30:00	3.789999999999999
2017-10-23 00:00:00	3.8766666666666665
2017-10-23 00:30:00	4.416666666666667
2017-10-23 01:00:00	3.7433333333333336
2017-10-23 01:30:00	4.4399999999999995
2017-10-23 02:00:00	5.266666666666667
2017-10-23 02:30:00	3.723333333333334
2017-10-23 03:00:00	4.296666666666666
2017-10-23 03:30:00	3.0966666666666662
2017-10-23 04:00:00	2.863333333333333
2017-10-23 04:30:00	3.57
2017-10-23 05:00:00	4.033333333333334
2017-10-23 05:30:00	4.126666666666666
2017-10-23 06:00:00	4.566666666666666
2017-10-23 06:30:00	5.053333333333333
2017-10-23 07:00:00	3.6233333333333326
2017-10-23 07:30:00	4.096666666666668
2017-10-23 08:00:00	4.3
2017-10-23 08:30:00	2.7833333333333323
2017-10-23 09:00:00	2.913333333333333
2017-10-23 09:30:00	3.423333333333334
2017-10-23 10:00:00	3.9466666666666663
2017-10-23 10:30:00	3.4900000000000007
2017-10-23 11:00:00	2.769999999999999
2017-10-23 11:30:00	1.9833333333333334
2017-10-23 12:00:00	2.7266666666666666
2017-10-23 12:30:00	2.2999999999999994
2017-10-23 13:00:00	3.8433333333333324
2017-10-23 13:30:00	3.01
2017-10-23 14:00:00	3.933333333333334
2017-10-23 14:30:00	3.04
2017-10-23 15:00:00	2.9033333333333333
2017-10-23 15:30:00	2.773333333333333
2017-10-23 16:00:00	1.3833333333333335
2017-10-23 16:30:00	1.5100000000000002
2017-10-23 17:00:00	0.6966666666666665
2017-10-23 17:30:00	0.9766666666666665
2017-10-23 18:00:00	1.1600000000000004
2017-10-23 18:30:00	1.2666666666666666
2017-10-23 19:00:00	1.8366666666666664
2017-10-23 19:30:00	1.9833333333333332
2017-10-23 20:00:00	1.6299999999999997
2017-10-23 20:30:00	1.66
2017-10-23 21:00:00	1.12
2017-10-23 21:30:00	1.1866666666666668
2017-10-23 22:00:00	1.306666666666667
2017-10-23 22:30:00	1.5666666666666664
2017-10-23 23:00:00	2.203333333333333
2017-10-23 23:30:00	2.23
2017-10-24 00:00:00	2.423333333333334
2017-10-24 00:30:00	2.586666666666667
2017-10-24 01:00:00	2.4833333333333334
2017-10-24 01:30:00	2.61
2017-10-24 02:00:00	2.31
2017-10-24 02:30:00	1.7000000000000002
2017-10-24 03:00:00	2.276666666666666
2017-10-24 03:30:00	1.8066666666666664
2017-10-24 04:00:00	1.6400000000000003
2017-10-24 04:30:00	0.6333333333333334
2017-10-24 05:00:00	0.4599999999999999
2017-10-24 05:30:00	1.1366666666666665
2017-10-24 06:00:00	1.636666666666667
2017-10-24 06:30:00	1.496666666666667
2017-10-24 07:00:00	1.2566666666666668
2017-10-24 07:30:00	0.5333333333333334
2017-10-24 08:00:00	0.22666666666666663
2017-10-24 08:30:00	0.44333333333333325
2017-10-24 09:00:00	1.0899999999999999
2017-10-24 09:30:00	1.2866666666666666
2017-10-24 10:00:00	1.1466666666666667
2017-10-24 10:30:00	1.2933333333333334
2017-10-24 11:00:00	0.9033333333333331
2017-10-24 11:30:00	1.0033333333333334
2017-10-24 12:00:00	0.9966666666666666
2017-10-24 12:30:00	0.7933333333333332
2017-10-24 13:00:00	0.7999999999999999
2017-10-24 13:30:00	1.2933333333333334
2017-10-24 14:00:00	1.09
2017-10-24 14:30:00	1.1
2017-10-24 15:00:00	1.5533333333333335
2017-10-24 15:30:00	1.8599999999999997
2017-10-24 16:00:00	1.5066666666666668
2017-10-24 16:30:00	0.44666666666666666
2017-10-24 17:00:00	1.1166666666666667
2017-10-24 17:30:00	0.5066666666666667
2017-10-24 18:00:00	1.22
2017-10-24 18:30:00	1.51
2017-10-24 19:00:00	1.23
2017-10-24 19:30:00	0.41999999999999993
2017-10-24 20:00:00	0.49666666666666676
2017-10-24 20:30:00	0.3066666666666667
2017-10-24 21:00:00	0.14333333333333334
2017-10-24 21:30:00	0.6000000000000001
2017-10-24 22:00:00	0.2933333333333332
2017-10-24 22:30:00	0.16999999999999998
2017-10-24 23:00:00	0.3266666666666667
2017-10-24 23:30:00	0.4333333333333333
2017-10-25 00:00:00	0.3733333333333333
2017-10-25 00:30:00	0.23999999999999994
2017-10-25 01:00:00	0.4566666666666667
2017-10-25 01:30:00	0.02666666666666667
2017-10-25 02:00:00	0.2533333333333333
2017-10-25 02:30:00	0.7933333333333332
2017-10-25 03:00:00	0.45333333333333325
2017-10-25 03:30:00	0.32000000000000006
2017-10-25 04:00:00	0.5633333333333331
2017-10-25 04:30:00	0.48666666666666664
2017-10-25 05:00:00	0.6466666666666667
2017-10-25 05:30:00	0.6633333333333333
2017-10-25 06:00:00	0.6566666666666667
2017-10-25 06:30:00	0.42333333333333323
2017-10-25 07:00:00	0.44666666666666666
2017-10-25 07:30:00	0.15
2017-10-25 08:00:00	0.5466666666666667
2017-10-25 08:30:00	0.59
2017-10-25 09:00:00	0.6433333333333333
2017-10-25 09:30:00	1.3166666666666664
2017-10-25 10:00:00	2.15
2017-10-25 10:30:00	1.5066666666666668
2017-10-25 11:00:00	1.4066666666666667
2017-10-25 11:30:00	0.9566666666666667
2017-10-25 12:00:00	0.6566666666666667
2017-10-25 12:30:00	1.3699999999999999
2017-10-25 13:00:00	1.0566666666666666
2017-10-25 13:30:00	1.68
2017-10-25 14:00:00	1.5499999999999998
2017-10-25 14:30:00	0.9966666666666666
2017-10-25 15:00:00	1.2399999999999998
2017-10-25 15:30:00	1.456666666666667
2017-10-25 16:00:00	0.9666666666666668
2017-10-25 16:30:00	1.5166666666666664
2017-10-25 17:00:00	1.8599999999999997
2017-10-25 17:30:00	1.2166666666666666
2017-10-25 18:00:00	1.6266666666666665
2017-10-25 18:30:00	1.48
2017-10-25 19:00:00	0.8333333333333336
2017-10-25 19:30:00	1.14
2017-10-25 20:00:00	0.41666666666666674
2017-10-25 20:30:00	0.0033333333333333335
2017-10-25 21:00:00	0.36000000000000004
2017-10-25 21:30:00	0.9300000000000002
2017-10-25 22:00:00	0.3666666666666666
2017-10-25 22:30:00	0.4066666666666666
2017-10-25 23:00:00	0.7799999999999998
2017-10-25 23:30:00	0.3933333333333333
2017-10-26 00:00:00	0.21666666666666662
2017-10-26 00:30:00	0.7400000000000001
2017-10-26 01:00:00	0.38333333333333336
2017-10-26 01:30:00	0.34
2017-10-26 02:00:00	0.39333333333333326
2017-10-26 02:30:00	0.95
2017-10-26 03:00:00	1.1033333333333333
2017-10-26 03:30:00	0.4800000000000001
2017-10-26 04:00:00	0.5466666666666666
2017-10-26 04:30:00	0.49000000000000005
2017-10-26 05:00:00	0.06666666666666667
2017-10-26 05:30:00	0.22000000000000003
2017-10-26 06:00:00	1.0166666666666666
2017-10-26 06:30:00	0.7633333333333334
2017-10-26 07:00:00	1.2633333333333332
2017-10-26 07:30:00	0.4366666666666666
2017-10-26 08:00:00	0.3566666666666666
2017-10-26 08:30:00	0.5366666666666666
2017-10-26 09:00:00	0.05666666666666667
2017-10-26 09:30:00	0.24333333333333332
2017-10-26 10:00:00	0.29999999999999993
2017-10-26 10:30:00	0.45
2017-10-26 11:00:00	0.17
2017-10-26 11:30:00	1.0266666666666666
2017-10-26 12:00:00	1.6266666666666665
2017-10-26 12:30:00	2.01
2017-10-26 13:00:00	2.36
2017-10-26 13:30:00	2.013333333333333
2017-10-26 14:00:00	1.9000000000000001
2017-10-26 14:30:00	1.8500000000000008
2017-10-26 15:00:00	1.19
2017-10-26 15:30:00	1.1433333333333333
2017-10-26 16:00:00	0.38999999999999996
2017-10-26 16:30:00	0.39
2017-10-26 17:00:00	0.9966666666666666
2017-10-26 17:30:00	1.003333333333333
2017-10-26 18:00:00	0.8399999999999999
2017-10-26 18:30:00	1.2033333333333336
2017-10-26 19:00:00	1.2633333333333332
2017-10-26 19:30:00	0.78
2017-10-26 20:00:00	0.6699999999999999
2017-10-26 20:30:00	0.7733333333333333
2017-10-26 21:00:00	0.20333333333333334
2017-10-26 21:30:00	0.26999999999999996
2017-10-26 22:00:00	0.3333333333333333
2017-10-26 22:30:00	0.6900000000000001
2017-10-26 23:00:00	0.4566666666666666
2017-10-26 23:30:00	0.2866666666666667
2017-10-27 00:00:00	0.25666666666666665
2017-10-27 00:30:00	0.3166666666666667
2017-10-27 01:00:00	0.5666666666666668
2017-10-27 01:30:00	0.25666666666666665
2017-10-27 02:00:00	0.49
2017-10-27 02:30:00	0.3833333333333334
2017-10-27 03:00:00	0.6666666666666665
2017-10-27 03:30:00	1.1166666666666667
2017-10-27 04:00:00	0.9233333333333332
2017-10-27 04:30:00	1.03
2017-10-27 05:00:00	0.5433333333333332
2017-10-27 05:30:00	0.8333333333333334
2017-10-27 06:00:00	1.4333333333333333
2017-10-27 06:30:00	0.6699999999999999
2017-10-27 07:00:00	2.2466666666666657
2017-10-27 07:30:00	5.6
2017-10-27 08:00:00	5.779999999999999
2017-10-27 08:30:00	4.246666666666667
2017-10-27 09:00:00	4.843333333333334
2017-10-27 09:30:00	4.123333333333333
2017-10-27 10:00:00	3.7933333333333334
2017-10-27 10:30:00	3.946666666666666
2017-10-27 11:00:00	4.673333333333334
2017-10-27 11:30:00	3.8266666666666667
2017-10-27 12:00:00	3.233333333333333
2017-10-27 12:30:00	3.3733333333333335
2017-10-27 13:00:00	2.8433333333333346
2017-10-27 13:30:00	1.956666666666667
2017-10-27 14:00:00	1.6966666666666663
2017-10-27 14:30:00	2.1300000000000003
2017-10-27 15:00:00	1.6233333333333335
2017-10-27 15:30:00	1.86
2017-10-27 16:00:00	1.4833333333333334
2017-10-27 16:30:00	1.1266666666666665
2017-10-27 17:00:00	0.6266666666666667
2017-10-27 17:30:00	0.4900000000000001
2017-10-27 18:00:00	1.033333333333333
2017-10-27 18:30:00	0.8433333333333335
2017-10-27 19:00:00	1.5533333333333335
2017-10-27 19:30:00	0.36666666666666664
2017-10-27 20:00:00	0.63
2017-10-27 20:30:00	0.7266666666666669
2017-10-27 21:00:00	0.5033333333333333
2017-10-27 21:30:00	1.0333333333333334
2017-10-27 22:00:00	0.3066666666666667
2017-10-27 22:30:00	0.49
2017-10-27 23:00:00	1.2599999999999996
2017-10-27 23:30:00	1.063333333333333
2017-10-28 00:00:00	0.6433333333333332
2017-10-28 00:30:00	1.0133333333333334
2017-10-28 01:00:00	0.64
2017-10-28 01:30:00	0.19333333333333333
2017-10-28 02:00:00	0.3700000000000001
2017-10-28 02:30:00	0.38
2017-10-28 03:00:00	0.7366666666666668
2017-10-28 03:30:00	0.0033333333333333335
2017-10-28 04:00:00	0.7166666666666666
2017-10-28 04:30:00	0.8666666666666666
2017-10-28 05:00:00	0.37333333333333324
2017-10-28 05:30:00	0.33
2017-10-28 06:00:00	0.8666666666666667
2017-10-28 06:30:00	0.28666666666666657
2017-10-28 07:00:00	0.2799999999999999
2017-10-28 07:30:00	0.7366666666666669
2017-10-28 08:00:00	0.5733333333333334
2017-10-28 08:30:00	0.48333333333333345
2017-10-28 09:00:00	0.25666666666666665
2017-10-28 09:30:00	0.49
2017-10-28 10:00:00	1.5266666666666664
2017-10-28 10:30:00	3.1199999999999997
2017-10-28 11:00:00	4.269999999999999
2017-10-28 11:30:00	4.760000000000002
2017-10-28 12:00:00	4.3
2017-10-28 12:30:00	5.539999999999998
2017-10-28 13:00:00	5.6899999999999995
2017-10-28 13:30:00	4.786666666666666
2017-10-28 14:00:00	4.726666666666666
2017-10-28 14:30:00	2.9866666666666664
2017-10-28 15:00:00	3.6199999999999997
2017-10-28 15:30:00	2.386666666666667
2017-10-28 16:00:00	2.296666666666667
2017-10-28 16:30:00	2.4366666666666665
2017-10-28 17:00:00	2.376666666666667
2017-10-28 17:30:00	3.02
2017-10-28 18:00:00	3.243333333333333
2017-10-28 18:30:00	2.953333333333333
2017-10-28 19:00:00	2.176666666666667
2017-10-28 19:30:00	1.533333333333333
2017-10-28 20:00:00	1.7466666666666664
2017-10-28 20:30:00	2.0833333333333335
2017-10-28 21:00:00	1.8533333333333333
2017-10-28 21:30:00	1.6366666666666667
2017-10-28 22:00:00	2.323333333333333
2017-10-28 22:30:00	4.886666666666667
2017-10-28 23:00:00	4.083333333333334
2017-10-28 23:30:00	2.9566666666666657
2017-10-29 00:00:00	2.986666666666667
2017-10-29 00:30:00	3.783333333333333
2017-10-29 01:00:00	4.659999999999999
2017-10-29 01:30:00	2.0066666666666664
2017-10-29 02:00:00	3.2733333333333325
2017-10-29 02:30:00	6.089999999999999
2017-10-29 03:00:00	5.26
2017-10-29 03:30:00	6.766666666666667
2017-10-29 04:00:00	4.72
2017-10-29 04:30:00	3.1733333333333333
2017-10-29 05:00:00	3.0266666666666664
2017-10-29 05:30:00	4.733333333333333
2017-10-29 06:00:00	7.246666666666667
2017-10-29 06:30:00	6.706666666666666
2017-10-29 07:00:00	6.923333333333333
2017-10-29 07:30:00	7.919999999999999
2017-10-29 08:00:00	8.51
2017-10-29 08:30:00	6.716666666666666
2017-10-29 09:00:00	7.636666666666667
2017-10-29 09:30:00	6.510000000000001
2017-10-29 10:00:00	6.463333333333334
2017-10-29 10:30:00	7.046666666666668
2017-10-29 11:00:00	6.526666666666667
2017-10-29 11:30:00	6.016666666666667
2017-10-29 12:00:00	6.836666666666667
2017-10-29 12:30:00	6.283333333333332
2017-10-29 13:00:00	6.293333333333334
2017-10-29 13:30:00	5.879999999999999
2017-10-29 14:00:00	5.583333333333333
2017-10-29 14:30:00	5.4066666666666645
2017-10-29 15:00:00	5.6466666666666665
2017-10-29 15:30:00	5.583333333333332
2017-10-29 16:00:00	4.216666666666668
2017-10-29 16:30:00	3.226666666666666
2017-10-29 17:00:00	3.103333333333333
2017-10-29 17:30:00	2.7800000000000002
2017-10-29 18:00:00	2.3266666666666667
2017-10-29 18:30:00	2.1966666666666663
2017-10-29 19:00:00	2.426666666666667
2017-10-29 19:30:00	2.296666666666667
2017-10-29 20:00:00	2.05
2017-10-29 20:30:00	1.3133333333333332
2017-10-29 21:00:00	1.7333333333333336
2017-10-29 21:30:00	1.446666666666666
2017-10-29 22:00:00	1.13
2017-10-29 22:30:00	0.6266666666666665
2017-10-29 23:00:00	0.4233333333333335
2017-10-29 23:30:00	1.4333333333333338
2017-10-30 00:00:00	1.1766666666666667
2017-10-30 00:30:00	1.5166666666666668
2017-10-30 01:00:00	1.2533333333333334
2017-10-30 01:30:00	0.5399999999999999
2017-10-30 02:00:00	0.33666666666666656
2017-10-30 02:30:00	0.8766666666666667
2017-10-30 03:00:00	1.03
2017-10-30 03:30:00	1.1366666666666667
2017-10-30 04:00:00	1.1133333333333333
2017-10-30 04:30:00	0.4233333333333333
2017-10-30 05:00:00	0.10000000000000002
2017-10-30 05:30:00	0.8833333333333333
2017-10-30 06:00:00	0.6833333333333333
2017-10-30 06:30:00	0.5133333333333333
2017-10-30 07:00:00	0.7200000000000001
2017-10-30 07:30:00	0.9133333333333333
2017-10-30 08:00:00	1.466666666666667
2017-10-30 08:30:00	3.3666666666666667
2017-10-30 09:00:00	3.333333333333334
2017-10-30 09:30:00	3.71
2017-10-30 10:00:00	4.293333333333333
2017-10-30 10:30:00	3.173333333333334
2017-10-30 11:00:00	3.7666666666666666
2017-10-30 11:30:00	3.213333333333334
2017-10-30 12:00:00	3.726666666666667
2017-10-30 12:30:00	3.5133333333333323
2017-10-30 13:00:00	3.18
2017-10-30 13:30:00	4.09
2017-10-30 14:00:00	3.363333333333333
2017-10-30 14:30:00	4.233333333333333
2017-10-30 15:00:00	4.24
2017-10-30 15:30:00	2.753333333333333
2017-10-30 16:00:00	2.5966666666666667
2017-10-30 16:30:00	2.1833333333333327
2017-10-30 17:00:00	1.7166666666666661
2017-10-30 17:30:00	0.46333333333333315
2017-10-30 18:00:00	0.3833333333333334
2017-10-30 18:30:00	0.2466666666666667
2017-10-30 19:00:00	0.060000000000000005
2017-10-30 19:30:00	1.4133333333333338
2017-10-30 20:00:00	0.7900000000000003
2017-10-30 20:30:00	0.2700000000000001
2017-10-30 21:00:00	0.6633333333333333
2017-10-30 21:30:00	1.0866666666666664
2017-10-30 22:00:00	0.7766666666666666
2017-10-30 22:30:00	0.5833333333333335
2017-10-30 23:00:00	0.7933333333333333
2017-10-30 23:30:00	0.33333333333333337
2017-10-31 00:00:00	0.22666666666666668
2017-10-31 00:30:00	1.4866666666666666
2017-10-31 01:00:00	1.9500000000000002
2017-10-31 01:30:00	0.9233333333333333
2017-10-31 02:00:00	0.19000000000000003
2017-10-31 02:30:00	0.6133333333333333
2017-10-31 03:00:00	0.5633333333333332
2017-10-31 03:30:00	0.8633333333333334
2017-10-31 04:00:00	1.1100000000000003
2017-10-31 04:30:00	1.1900000000000002
2017-10-31 05:00:00	1.0333333333333332
2017-10-31 05:30:00	1.4899999999999998
2017-10-31 06:00:00	1.5533333333333337
2017-10-31 06:30:00	0.8433333333333335
2017-10-31 07:00:00	0.5866666666666666
2017-10-31 07:30:00	0.3166666666666667
2017-10-31 08:00:00	0.3533333333333333
2017-10-31 08:30:00	1.02
2017-10-31 09:00:00	1.2500000000000002
2017-10-31 09:30:00	1.9333333333333333
2017-10-31 10:00:00	1.7033333333333336
2017-10-31 10:30:00	2.670000000000001
2017-10-31 11:00:00	3.193333333333334
2017-10-31 11:30:00	3.4966666666666666
2017-10-31 12:00:00	3.896666666666667
2017-10-31 12:30:00	3.606666666666666
2017-10-31 13:00:00	2.566666666666666
2017-10-31 13:30:00	2.473333333333333
2017-10-31 14:00:00	2.29
2017-10-31 14:30:00	2.1533333333333338
2017-10-31 15:00:00	1.8900000000000001
2017-10-31 15:30:00	1.4466666666666665
2017-10-31 16:00:00	0.7233333333333337
2017-10-31 16:30:00	0.2833333333333332
2017-10-31 17:00:00	0.08333333333333333
2017-10-31 17:30:00	0.06666666666666667
2017-10-31 18:00:00	0.35000000000000003
2017-10-31 18:30:00	0.7500000000000001
2017-10-31 19:00:00	0.49666666666666665
2017-10-31 19:30:00	0.6233333333333333
2017-10-31 20:00:00	0.17666666666666667
2017-10-31 20:30:00	0.05
2017-10-31 21:00:00	0.0
2017-10-31 21:30:00	0.0
2017-10-31 22:00:00	0.0
2017-10-31 22:30:00	0.6233333333333333
2017-10-31 23:00:00	1.006666666666667
2017-10-31 23:30:00	0.6866666666666669
